threads,time,speedup
1,5.67535,1
2,4.50833,1.25886
4,3.51134,1.61629
8,3.0083,1.88656
16,2.60805,2.17609
